<?xml version="1.0" encoding="UTF-8"?>

<CapabilityStatement xmlns="http://hl7.org/fhir">
  <id value="LettersServer"/>
  <text>
    <status value="extensions"/><div xmlns="http://www.w3.org/1999/xhtml"><p class="res-header-id"><b>Generated Narrative: CapabilityStatement LettersServer</b></p><a name="LettersServer"> </a><a name="hcLettersServer"> </a><h2 id="title">Letter Printing Server CapabilityStatement</h2><ul><li>Implementation Guide Version: 0.1.0 </li><li>FHIR Version: 4.0.1 </li><li>Supported Formats: <code>json</code></li><li>Published on: 2025-09-29 </li><li>Published by: NHS England </li></ul><blockquote class="impl-note"><p><strong>Note to Implementers: FHIR Capabilities</strong></p><p>Any FHIR capability may be 'allowed' by the system unless explicitly marked as 'SHALL NOT'. A few items are marked as MAY in the Implementation Guide to highlight their potential relevance to the use case.</p></blockquote><h2 id="rest">FHIR RESTful Capabilities</h2><div class="panel panel-default"><div class="panel-heading"><h3 id="mode1" class="panel-title">Mode: <code>server</code></h3></div><div class="panel-body"><div class="row"><div class="col-12"><span class="lead">Summary of System-wide Operations</span><table class="table table-condensed table-hover"><thead><tr><th>Conformance</th><th>Operation</th><th>Documentation</th></tr></thead><tbody><tr><td><b>SHALL</b></td><td><a href="OperationDefinition-SubmitLetterOperation.html">$submit-letter</a></td><td><div/></td></tr></tbody></table></div></div></div></div><h3 id="resourcesCap1">Capabilities by Resource/Profile</h3><h4 id="resourcesSummary1">Summary</h4><p>The summary table lists the resources that are part of this configuration, and for each resource it lists:</p><ul><li>The relevant profiles (if any)</li><li>The interactions supported by each resource (<b><span class="bg-info">R</span></b>ead, <b><span class="bg-info">S</span></b>earch, <b><span class="bg-info">U</span></b>pdate, and <b><span class="bg-info">C</span></b>reate, are always shown, while <b><span class="bg-info">VR</span></b>ead, <b><span class="bg-info">P</span></b>atch, <b><span class="bg-info">D</span></b>elete, <b><span class="bg-info">H</span></b>istory on <b><span class="bg-info">I</span></b>nstance, or <b><span class="bg-info">H</span></b>istory on <b><span class="bg-info">T</span></b>ype are only present if at least one of the resources has support for them.</li><li><span>The required, recommended, and some optional search parameters (if any). </span></li><li>The linked resources enabled for <code>_include</code></li><li>The other resources enabled for <code>_revinclude</code></li><li>The operations on the resource (if any)</li></ul><div class="table-responsive"><table class="table table-condensed table-hover"><thead><tr><th><b>Resource Type</b></th><th><b>Profile</b></th><th class="text-center"><b title="GET a resource (read interaction)">R</b></th><th class="text-center"><b title="GET all set of resources of the type (search interaction)">S</b></th><th class="text-center"><b title="PUT a new resource version (update interaction)">U</b></th><th class="text-center"><b title="POST a new resource (create interaction)">C</b></th><th><b title="Required and recommended search parameters">Searches</b></th><th><code><b>_include</b></code></th><th><code><b>_revinclude</b></code></th><th><b>Operations</b></th></tr></thead><tbody><tr><td><a href="#CommunicationRequest1-1">CommunicationRequest</a></td><td><a href="StructureDefinition-nhsnotify-letter-communicationrequest.html">https://nhsdigital.github.io/nhs-notify-standards/fhir/StructureDefinition/nhsnotify-letter-communicationrequest</a></td><td class="text-center"/><td class="text-center"/><td class="text-center"/><td class="text-center"/><td/><td/><td/><td/></tr></tbody></table></div><hr/><div class="panel panel-default"><div class="panel-heading"><h4 id="CommunicationRequest1-1" class="panel-title"><span style="float: right;">Resource Conformance: supported </span>CommunicationRequest</h4></div><div class="panel-body"><div class="container"><div class="row"><div class="col-lg-6"><span class="lead">Base System Profile</span><br/><a href="StructureDefinition-nhsnotify-letter-communicationrequest.html">Letter CommunicationRequest</a></div><div class="col-lg-3"><span class="lead">Profile Conformance</span><br/><b>SHALL</b></div><div class="col-lg-3"><span class="lead">Reference Policy</span><br/></div></div><p/><div class="row"><div class="col-lg-6"><span class="lead">Interaction summary</span><br/><ul/></div></div><p/></div></div></div></div>
  </text>
  <url value="https://nhsdigital.github.io/nhs-notify-standards/fhir/CapabilityStatement/LettersServer"/>
  <version value="0.1.0"/>
  <title value="Letter Printing Server CapabilityStatement"/>
  <status value="active"/>
  <date value="2025-09-29"/>
  <publisher value="NHS England"/>
  <contact>
    <name value="NHS England"/>
    <telecom>
      <system value="url"/>
      <value value="https://www.england.nhs.uk"/>
    </telecom>
  </contact>
  <contact>
    <name value="NHS England – NHS Notify"/>
    <telecom>
      <system value="email"/>
      <value value="notify@nhs.net"/>
    </telecom>
  </contact>
  <jurisdiction>
    <coding>
      <system value="urn:iso:std:iso:3166"/>
      <code value="GB"/>
      <display value="United Kingdom"/>
    </coding>
  </jurisdiction>
  <kind value="instance"/>
  <fhirVersion value="4.0.1"/>
  <format value="json"/>
  <rest>
    <mode value="server"/>
    <resource>
      <type value="CommunicationRequest"/>
      <profile value="https://nhsdigital.github.io/nhs-notify-standards/fhir/StructureDefinition/nhsnotify-letter-communicationrequest"/>
    </resource>
    <operation>
      <name value="submit-letter"/>
      <definition value="https://nhsdigital.github.io/nhs-notify-standards/fhir/OperationDefinition/submit-letter"/>
    </operation>
  </rest>
</CapabilityStatement>