<?xml version="1.0" encoding="UTF-8"?>

<Patient xmlns="http://hl7.org/fhir">
  <id value="ExamplePatient"/>
  <text>
    <status value="generated"/><div xmlns="http://www.w3.org/1999/xhtml"><p class="res-header-id"><b>Generated Narrative: Patient ExamplePatient</b></p><a name="ExamplePatient"> </a><a name="hcExamplePatient"> </a><p style="border: 1px #661aff solid; background-color: #e6e6ff; padding: 10px;">Pat Patient  (no stated gender), DoB Unknown ( https://fhir.nhs.uk/Id/nhs-number#9449304135)</p><hr/><table class="grid"><tr><td style="background-color: #f3f5da" title="Ways to contact the Patient">Contact Detail</td><td colspan="3">1 High Street Leeds LS1 1AA GB </td></tr></table></div>
  </text>
  <identifier>
    <system value="https://fhir.nhs.uk/Id/nhs-number"/>
    <value value="9449304135"/>
  </identifier>
  <name>
    <family value="Patient"/>
    <given value="Pat"/>
  </name>
  <address>
    <line value="1 High Street"/>
    <city value="Leeds"/>
    <postalCode value="LS1 1AA"/>
    <country value="GB"/>
  </address>
</Patient>