{
  "package": "nhsdigital.nhs-notify-letters",
  "version": "0.1.0",
  "fhirVersion": "4.0.1",
  "jurisdiction": "GB",
  "extensions": [],
  "profiles": {
    "Binary": [
      {
        "url": "https://nhsdigital.github.io/nhs-notify-standards/fhir/StructureDefinition/nhsnotify-letter-binary",
        "title": "Letter PDF Binary"
      }
    ],
    "CommunicationRequest": [
      {
        "url": "https://nhsdigital.github.io/nhs-notify-standards/fhir/StructureDefinition/nhsnotify-letter-communicationrequest",
        "title": "Letter CommunicationRequest"
      }
    ],
    "DocumentReference": [
      {
        "url": "https://nhsdigital.github.io/nhs-notify-standards/fhir/StructureDefinition/nhsnotify-letter-documentreference",
        "title": "Letter PDF Document"
      }
    ]
  },
  "usage": {
    "http://hl7.org/fhir/StructureDefinition/elementdefinition-bestpractice": [
      "StructureDefinition.snapshot.element.constraint"
    ],
    "http://hl7.org/fhir/StructureDefinition/elementdefinition-bestpractice-explanation": [
      "StructureDefinition.snapshot.element.constraint"
    ],
    "http://hl7.org/fhir/StructureDefinition/elementdefinition-bindingName": [
      "StructureDefinition.snapshot.element.binding"
    ],
    "http://hl7.org/fhir/StructureDefinition/elementdefinition-maxValueSet": [
      "StructureDefinition.snapshot.element.binding"
    ],
    "http://hl7.org/fhir/StructureDefinition/elementdefinition-translatable": [
      "StructureDefinition.snapshot.element"
    ],
    "http://hl7.org/fhir/StructureDefinition/structuredefinition-fhir-type": [
      "StructureDefinition.snapshot.element.type"
    ],
    "http://hl7.org/fhir/tools/StructureDefinition/ig-internal-dependency": [
      "ImplementationGuide.definition"
    ],
    "http://hl7.org/fhir/tools/StructureDefinition/ig-page-name": [
      "ImplementationGuide.definition.page",
      "ImplementationGuide.definition.page.page"
    ],
    "http://hl7.org/fhir/tools/StructureDefinition/ig-parameter": [
      "ImplementationGuide.definition"
    ],
    "http://hl7.org/fhir/tools/StructureDefinition/implementationguide-dependency-comment": [
      "ImplementationGuide.dependsOn"
    ],
    "http://hl7.org/fhir/tools/StructureDefinition/resource-information": [
      "ImplementationGuide.definition.resource"
    ],
    "http://hl7.org/fhir/tools/StructureDefinition/snapshot-base-version": [
      "StructureDefinition.snapshot"
    ]
  }
}